﻿<?xml version="1.0" encoding="UTF-8"?>
<content>
	<gallery folder="images/">
		<item imageUrl="tfile_image1.png">
			<slogan><![CDATA[<font letterspacing="0" size="48">Producing</font>]]></slogan>
			<slogan><![CDATA[<font letterspacing="0" size="48">Delicious</font>]]></slogan>
			<slogan><![CDATA[<font letterspacing="0" size="48">Raw Honey</font>]]></slogan>
			<button_text linkUrl="http://demolink.org/"><![CDATA[<font letterspacing="0" size="24" >read more</font>]]></button_text>
		</item>
	
		<item imageUrl="tfile_image1.png">
			<slogan><![CDATA[<font letterspacing="0" size="48">100% Pure</font>]]></slogan>
			<slogan><![CDATA[<font letterspacing="0" size="48">Yummy</font>]]></slogan>
			<slogan><![CDATA[<font letterspacing="0" size="48">Honey</font>]]></slogan>
			<button_text linkUrl="http://demolink.org/"><![CDATA[<font letterspacing="0" size="24" >read more</font>]]></button_text>
		</item>
	
		<item imageUrl="tfile_image1.png">
			<slogan><![CDATA[<font letterspacing="0" size="48">Try Our</font>]]></slogan>
			<slogan><![CDATA[<font letterspacing="0" size="48">Delicious</font>]]></slogan>
			<slogan><![CDATA[<font letterspacing="0" size="48">Honey</font>]]></slogan>
			<button_text linkUrl="http://demolink.org/"><![CDATA[<font letterspacing="0" size="24" >read more</font>]]></button_text>
		</item>
		
	</gallery>
</content>